{
  "project_info": {
    "project_number": "412776148831",
    "project_id": "capyba-maguezal-app",
    "storage_bucket": "capyba-maguezal-app.appspot.com"
  },
  "client": [
    {
      "client_info": {
        "mobilesdk_app_id": "1:412776148831:android:ed494a725cdd79b7d350ea",
        "android_client_info": {
          "package_name": "com.example.capyba_maguezal_app"
        }
      },
      "oauth_client": [
        {
          "client_id": "412776148831-jlvml7fq8rs3so9a9dj6at50br8hu766.apps.googleusercontent.com",
          "client_type": 3
        }
      ],
      "api_key": [
        {
          "current_key": "AIzaSyCs7KppoO4SJugeY3s0trAct_1c8XhGY_c"
        }
      ],
      "services": {
        "appinvite_service": {
          "other_platform_oauth_client": [
            {
              "client_id": "412776148831-jlvml7fq8rs3so9a9dj6at50br8hu766.apps.googleusercontent.com",
              "client_type": 3
            }
          ]
        }
      }
    }
  ],
  "configuration_version": "1"
}